{
    "phantom_type": 4,
    "stresspoint": 104,
    "no_cracks": 10,
    "crack_length": 57,
    "crack_speed": [
        104,
        109,
        114,
        119,
        124,
        129,
        134,
        139,
        144,
        149
    ],
    "meta_angles": [
        97.17195839822764,
        104.27720744436475,
        89.66759196832012,
        106.78999662724334,
        116.19102589889604,
        126.48934088886638,
        113.10143166518603,
        111.31532542942645,
        106.66405430179938,
        122.02759390034905,
        127.20673822325297
    ]
}